,C01,C02,C03,C04,C05,C06,C07,C08,C09,C10,C11,C12,C13,C14,C15,C16,C17,C18,C19,C20,C21,C22,C23,C24,C25,C26,C27,C28,C29,C30
mrk_snp_1,NA,2,NA,2,0,0,0,NA,2,0,0,0,0,0,0,0,NA,0,2,0,0,1,0,2,0,NA,0,2,2,2
mrk_snp_2,2,NA,NA,1,2,1,NA,1,1,1,2,2,1,1,1,1,1,1,1,1,2,1,NA,1,0,1,1,1,1,NA
mrk_snp_3,1,1,2,1,1,NA,1,0,1,1,1,2,1,1,NA,2,1,1,1,1,2,0,1,1,1,1,1,1,1,1
mrk_snp_4,1,1,0,1,NA,2,1,1,1,NA,1,1,1,1,1,1,1,1,1,1,1,1,1,1,1,1,1,0,1,0
mrk_snp_5,1,NA,1,1,NA,2,1,1,0,1,1,1,1,1,0,1,1,1,1,1,1,1,1,1,1,NA,1,1,1,1
mrk_snp_6,0,2,2,2,0,2,2,NA,0,0,0,0,0,2,2,0,2,2,2,2,2,2,2,2,0,2,0,0,2,2
mrk_snp_7,1,1,1,2,0,NA,1,1,1,1,NA,2,1,1,NA,1,NA,NA,1,1,2,1,2,1,1,2,1,1,1,1
mrk_snp_8,1,1,0,0,1,1,1,0,1,1,2,1,1,1,2,1,2,1,1,1,0,1,1,1,1,1,1,1,1,1
mrk_snp_9,1,1,1,NA,2,0,0,NA,1,1,0,NA,1,1,NA,1,1,1,1,1,1,1,1,1,1,1,1,1,1,1
mrk_snp_10,1,1,NA,1,NA,2,2,NA,2,2,NA,1,1,1,2,2,NA,1,1,1,2,1,1,2,1,1,NA,1,1,2
mrk_snp_11,1,1,2,1,1,2,1,2,1,1,1,1,1,1,1,1,1,1,NA,1,2,1,1,1,1,2,1,1,0,1
mrk_snp_12,NA,1,0,1,2,1,1,1,NA,1,1,1,1,1,1,1,1,1,1,1,0,NA,1,1,1,1,1,1,1,1
mrk_snp_13,1,1,2,1,0,0,1,NA,NA,1,1,1,1,1,1,1,1,1,1,1,1,1,1,1,1,1,1,1,NA,1
mrk_snp_14,NA,1,1,1,NA,2,0,1,1,1,1,1,1,1,NA,1,1,1,1,1,0,1,1,1,1,1,NA,1,1,1
mrk_snp_15,1,1,1,1,0,2,1,1,1,1,1,1,1,1,NA,1,1,1,1,1,1,1,1,1,1,1,2,1,1,1
mrk_snp_16,1,1,1,0,1,2,0,NA,1,1,1,1,1,1,1,1,1,2,1,1,NA,1,1,1,1,1,1,1,1,1
mrk_snp_17,1,1,NA,1,NA,1,1,NA,1,1,1,1,1,1,1,1,1,1,1,1,1,1,1,1,1,1,1,1,1,NA
mrk_snp_18,NA,1,1,1,2,1,1,NA,1,1,1,1,1,1,2,1,NA,2,2,1,1,1,1,1,1,1,1,1,NA,1
mrk_snp_19,0,0,0,0,0,2,NA,NA,0,NA,0,0,2,1,2,0,0,0,2,2,2,2,2,2,NA,NA,2,2,NA,2
mrk_snp_20,1,1,1,1,NA,2,1,1,1,1,1,1,1,1,2,1,1,1,NA,1,2,1,1,1,1,1,1,1,1,1
mrk_snp_21,1,1,1,2,NA,0,1,NA,1,1,1,NA,1,1,0,1,1,NA,1,1,1,1,2,1,1,NA,1,1,1,NA
mrk_snp_22,NA,1,1,NA,1,1,1,NA,1,1,1,1,1,1,2,1,NA,1,1,1,2,1,1,1,1,1,1,NA,1,1
mrk_snp_23,1,1,1,1,NA,1,1,1,2,1,1,1,1,1,2,1,2,1,NA,1,1,1,1,1,1,1,2,1,1,1
mrk_snp_24,1,1,2,1,NA,2,1,1,NA,1,1,1,1,1,2,1,1,1,1,1,NA,1,NA,1,1,1,1,1,1,1
mrk_snp_25,1,1,2,NA,1,NA,2,2,NA,1,1,NA,NA,1,2,1,1,1,1,1,2,1,1,1,1,2,2,1,1,1
mrk_snp_26,1,1,1,1,2,2,NA,NA,1,0,1,0,1,0,0,1,1,1,1,1,2,1,1,1,1,1,1,1,1,1
mrk_snp_27,2,2,2,NA,2,NA,NA,NA,0,2,2,2,2,0,0,2,0,0,0,0,2,0,NA,0,2,NA,NA,1,0,NA
mrk_snp_28,2,0,0,0,NA,2,2,0,0,0,2,2,2,NA,NA,2,2,2,2,2,0,2,2,2,2,NA,2,0,0,0
mrk_snp_29,1,1,0,1,2,2,1,NA,1,1,1,1,1,1,2,1,1,1,1,1,2,2,NA,2,1,NA,1,1,NA,1
mrk_snp_30,0,1,1,1,NA,NA,NA,NA,1,1,0,1,1,NA,1,1,0,1,1,1,1,1,1,1,1,1,NA,0,NA,1
mrk_snp_31,2,0,0,0,NA,2,2,NA,2,NA,2,2,0,NA,NA,2,0,0,0,2,2,0,2,0,0,0,NA,0,2,NA
mrk_snp_32,0,2,2,NA,NA,0,0,2,0,0,0,0,2,0,0,0,2,2,2,0,0,2,0,2,2,2,2,2,NA,0
mrk_snp_33,NA,2,2,2,0,NA,0,0,0,0,0,0,2,0,0,0,2,2,2,0,0,2,0,2,2,2,0,2,NA,NA
mrk_snp_34,1,2,0,0,1,2,1,1,1,0,1,1,1,1,1,1,1,1,1,1,1,1,1,1,1,1,1,1,1,1
mrk_snp_35,NA,2,2,2,NA,NA,0,NA,0,0,0,0,2,0,1,0,2,2,2,0,0,2,0,2,NA,2,2,2,0,0
mrk_snp_36,0,2,0,1,0,2,1,NA,0,0,2,2,NA,NA,0,0,1,NA,1,1,2,1,1,1,1,1,1,1,0,NA
mrk_snp_37,0,1,2,1,NA,0,0,1,1,2,1,2,1,2,0,1,1,1,1,1,NA,1,1,1,1,NA,NA,1,NA,1
mrk_snp_38,2,1,1,2,0,NA,0,1,1,1,1,1,2,1,2,2,2,1,2,1,1,2,2,1,NA,2,0,2,NA,0
mrk_snp_39,0,2,2,2,0,0,0,2,0,0,0,0,2,0,0,0,2,2,2,0,0,2,0,2,2,2,0,2,0,0
mrk_snp_40,1,1,1,1,NA,0,1,1,1,1,1,1,1,1,1,1,1,1,1,1,1,1,1,1,1,1,1,1,1,1
mrk_snp_41,2,0,0,0,2,2,2,0,2,2,2,2,2,2,2,2,0,0,0,2,2,0,2,0,0,0,0,0,2,2
mrk_snp_42,0,NA,2,NA,NA,0,0,NA,0,NA,0,0,0,0,NA,0,2,2,2,0,NA,2,0,2,2,NA,0,2,NA,0
mrk_snp_43,0,2,2,2,NA,NA,0,NA,0,0,0,0,0,0,NA,0,2,2,2,0,NA,2,0,2,2,2,0,2,0,0
mrk_snp_44,1,1,2,1,NA,1,1,1,1,1,1,2,1,1,0,1,1,1,1,1,1,1,1,1,1,2,1,1,1,1
mrk_snp_45,0,1,NA,1,NA,NA,1,NA,1,1,1,2,1,1,2,1,1,NA,1,1,1,1,1,1,1,1,1,1,1,1
mrk_snp_46,0,2,2,2,0,0,NA,2,0,0,0,0,0,0,0,0,2,2,2,0,0,2,0,2,0,0,2,0,NA,NA
mrk_snp_47,1,1,1,1,NA,1,1,1,NA,1,1,1,1,1,1,1,1,1,1,1,1,1,1,NA,NA,1,1,1,NA,NA
mrk_snp_48,NA,2,NA,2,NA,NA,NA,NA,2,2,0,0,2,0,0,0,NA,2,2,2,2,2,2,2,0,0,0,0,0,2
mrk_snp_49,0,NA,NA,0,0,NA,2,NA,0,0,2,2,NA,2,2,2,NA,NA,0,2,NA,NA,2,0,0,2,NA,1,2,0
mrk_snp_50,0,0,NA,0,NA,NA,2,NA,2,0,2,2,0,2,2,2,0,0,0,0,2,0,0,0,0,NA,0,1,2,0
mrk_snp_51,0,1,1,0,NA,0,1,NA,1,1,1,1,1,1,2,1,1,1,1,1,NA,1,1,2,1,1,0,1,NA,1
mrk_snp_52,2,0,0,0,NA,NA,0,NA,0,0,0,0,0,0,NA,0,2,2,2,0,0,2,0,2,0,0,0,2,2,2
mrk_snp_53,2,1,1,NA,NA,0,0,NA,2,1,1,1,1,1,0,1,1,1,NA,1,NA,1,1,1,1,2,1,1,1,2
mrk_snp_54,1,1,1,1,2,1,1,1,1,2,1,1,1,1,2,1,1,1,NA,1,NA,1,1,1,1,1,NA,1,1,1
mrk_snp_55,1,1,2,1,NA,0,NA,NA,2,1,1,0,2,1,0,1,1,1,1,1,2,1,1,1,1,1,1,1,1,1
mrk_snp_56,1,1,1,1,1,1,1,NA,1,1,1,0,1,1,1,1,NA,1,1,1,1,1,1,1,1,0,1,1,1,NA
mrk_snp_57,NA,1,1,2,0,NA,1,NA,1,1,2,1,1,1,2,1,NA,1,1,1,1,NA,1,1,1,NA,1,NA,1,1
mrk_snp_58,1,2,1,1,2,1,1,NA,1,1,1,1,1,1,2,1,1,1,1,NA,1,1,1,1,1,2,1,1,1,1
mrk_snp_59,0,2,2,2,NA,NA,0,NA,0,0,0,0,1,2,2,0,0,0,2,0,0,2,0,2,0,0,0,2,2,2
mrk_snp_60,2,2,2,NA,NA,2,2,NA,2,2,2,2,2,0,0,2,2,2,0,0,0,0,0,0,0,0,2,1,NA,2
mrk_snp_61,1,1,1,1,0,NA,1,NA,1,0,1,1,1,1,1,1,1,1,1,NA,1,1,1,1,1,1,1,1,NA,1
mrk_snp_62,NA,1,0,1,0,0,1,0,1,0,0,1,1,1,1,1,1,1,1,1,0,1,1,1,1,1,0,NA,1,0
mrk_snp_63,1,1,NA,1,NA,1,0,1,1,1,1,1,1,1,1,1,1,1,1,1,1,1,1,1,NA,1,1,1,1,NA
mrk_snp_64,2,2,2,NA,2,NA,NA,NA,0,0,0,0,0,2,2,0,NA,NA,0,0,0,0,0,0,2,2,0,2,0,NA
mrk_snp_65,0,1,1,0,2,0,1,NA,2,1,1,1,1,1,NA,1,1,1,1,1,2,1,1,1,1,0,1,1,2,2
mrk_snp_66,1,1,1,NA,NA,1,1,NA,1,1,1,1,1,NA,NA,1,1,1,1,1,1,1,NA,1,1,1,1,1,1,2
mrk_snp_67,0,0,0,0,NA,NA,0,0,0,2,2,2,0,0,NA,2,0,0,2,0,NA,2,0,2,0,0,0,2,2,2
mrk_snp_68,1,1,1,NA,NA,1,2,1,NA,1,1,1,1,1,NA,1,1,1,1,1,1,1,1,1,NA,NA,1,1,1,1
mrk_snp_69,0,0,0,0,NA,0,NA,0,0,0,2,2,2,0,0,2,2,2,2,0,0,2,0,2,0,0,0,0,0,0
mrk_snp_70,2,2,2,2,0,NA,0,2,2,2,0,0,0,0,0,0,0,0,0,2,NA,0,2,0,0,0,0,0,NA,2
mrk_snp_71,1,1,2,NA,2,0,1,NA,1,1,1,2,1,1,2,1,NA,1,1,1,1,1,1,1,1,2,1,1,1,NA
mrk_snp_72,1,1,NA,NA,NA,1,0,NA,1,1,1,1,1,2,1,1,1,1,1,1,1,1,1,1,1,1,1,NA,1,1
mrk_snp_73,1,NA,NA,1,2,NA,1,NA,1,1,1,NA,1,1,1,1,1,1,1,1,0,1,1,1,NA,1,1,1,NA,1
mrk_snp_74,1,2,NA,1,2,2,1,1,1,NA,1,1,1,1,1,1,1,1,1,1,1,1,1,1,1,1,1,1,2,1
mrk_snp_75,0,1,1,0,2,0,1,1,1,1,1,1,1,1,1,1,1,1,1,1,1,1,1,1,1,1,1,1,NA,1
mrk_snp_76,1,1,1,0,0,1,1,NA,1,1,1,1,1,1,1,1,1,1,1,1,1,1,1,1,1,1,1,NA,NA,1
mrk_snp_77,1,1,0,1,NA,1,1,2,1,1,1,1,1,1,NA,1,1,1,1,1,2,1,1,1,1,1,1,1,1,1
mrk_snp_78,0,2,2,2,NA,0,0,2,2,2,0,0,2,0,0,0,0,0,0,2,0,0,2,0,2,0,2,2,0,2
mrk_snp_79,1,1,2,1,2,2,1,NA,2,1,2,1,1,1,2,1,2,1,1,1,1,NA,1,1,NA,1,2,1,1,1
mrk_snp_80,1,1,1,2,NA,0,1,0,2,1,1,0,1,1,0,1,1,1,1,1,1,1,1,1,1,1,1,1,1,1
mrk_snp_81,1,1,1,1,2,NA,0,1,1,1,1,1,1,1,1,1,1,1,1,1,1,1,1,1,1,1,1,1,1,NA
mrk_snp_82,1,0,0,1,1,0,1,NA,1,0,1,1,0,1,1,0,NA,1,1,1,NA,1,0,NA,0,1,NA,1,NA,0
mrk_snp_83,2,0,0,0,2,NA,NA,0,2,0,2,2,2,2,2,2,2,2,2,0,0,0,2,2,2,2,0,2,NA,0
mrk_snp_84,1,1,1,2,2,1,1,1,1,1,1,1,1,1,NA,NA,1,1,1,1,1,1,1,1,1,1,1,1,1,1
mrk_snp_85,2,0,0,0,0,0,0,NA,2,0,2,2,2,2,NA,NA,2,2,0,0,0,0,1,0,1,2,0,1,NA,0
mrk_snp_86,0,0,0,0,NA,NA,0,NA,2,2,2,2,0,0,0,2,NA,2,2,0,2,2,0,2,0,0,0,2,2,2
mrk_snp_87,0,1,1,0,0,0,1,1,1,1,1,1,1,1,2,1,1,1,1,1,NA,1,1,1,0,NA,1,0,1,1
mrk_snp_88,NA,NA,0,0,NA,NA,NA,NA,2,2,2,2,2,0,0,2,NA,2,2,2,NA,2,2,2,0,0,0,2,2,2
mrk_snp_89,1,1,NA,1,NA,1,NA,1,1,1,1,1,1,1,NA,1,1,1,1,1,NA,1,1,1,1,1,2,NA,1,2
mrk_snp_90,1,1,1,NA,NA,2,1,1,1,NA,1,1,1,1,0,1,1,1,NA,1,1,1,1,1,1,1,1,1,1,1
mrk_snp_91,0,1,1,1,NA,1,1,1,1,2,NA,1,1,1,1,1,1,NA,1,1,1,1,1,1,NA,1,NA,1,NA,2
mrk_snp_92,1,1,1,NA,2,1,NA,1,1,NA,1,1,1,1,1,1,1,1,1,1,1,1,1,NA,1,1,1,1,1,2
mrk_snp_93,NA,1,1,2,NA,1,2,0,1,2,NA,1,1,1,2,1,1,1,1,1,NA,0,1,1,1,0,1,1,2,2
mrk_snp_94,0,1,1,1,2,2,1,NA,1,1,1,2,1,1,1,1,1,1,1,1,0,1,1,1,1,2,1,1,0,1
mrk_snp_95,0,1,2,1,2,0,2,1,2,2,1,2,1,2,NA,2,1,1,2,1,2,2,1,2,1,1,1,1,2,1
mrk_snp_96,NA,1,1,2,2,NA,1,NA,1,1,1,1,1,1,1,NA,1,1,1,1,1,1,NA,1,NA,1,1,1,1,1
mrk_snp_97,1,1,0,0,NA,0,2,1,NA,0,1,NA,1,NA,0,1,1,1,1,1,1,1,1,1,NA,1,1,1,1,1
mrk_snp_98,1,1,1,1,NA,NA,1,NA,1,1,1,1,1,1,1,1,NA,1,1,1,1,1,1,1,NA,1,1,1,1,1
mrk_snp_99,1,1,1,0,1,2,1,2,1,1,1,1,1,1,NA,1,1,1,1,1,0,1,1,1,1,1,1,1,1,1
mrk_snp_100,NA,1,1,1,NA,1,1,NA,1,1,1,1,1,1,1,1,1,1,1,1,1,1,1,1,1,1,NA,1,NA,1
mrk_snp_101,0,2,2,2,0,0,0,2,0,0,0,0,0,0,0,0,2,2,2,2,0,2,2,2,2,2,0,2,2,0
mrk_snp_102,1,1,1,NA,2,2,1,NA,NA,1,2,NA,1,1,1,1,1,1,NA,1,1,1,1,1,1,1,1,1,2,NA
mrk_snp_103,2,1,NA,0,2,2,1,1,2,1,1,1,1,2,NA,1,1,1,1,1,NA,1,1,1,1,1,1,1,1,0
mrk_snp_104,1,1,2,1,2,0,0,1,1,1,1,1,1,0,1,1,1,1,1,1,1,1,1,1,1,1,1,0,NA,1
mrk_snp_105,1,1,1,1,NA,1,1,NA,1,1,1,1,1,1,0,1,NA,1,1,1,0,1,1,1,1,1,1,1,1,0
mrk_snp_106,1,1,1,1,0,NA,NA,NA,1,1,1,1,1,1,2,1,1,1,1,1,NA,1,1,1,1,1,1,1,NA,1
mrk_snp_107,0,2,2,2,NA,0,0,NA,2,2,NA,2,2,2,2,0,NA,0,2,2,NA,2,2,2,NA,0,NA,0,NA,0
mrk_snp_108,0,2,2,2,0,NA,0,NA,0,0,2,2,2,0,0,2,NA,0,2,2,2,2,2,2,0,0,0,2,2,0
mrk_snp_109,1,1,2,1,NA,1,NA,1,1,1,1,1,1,1,1,1,2,1,1,1,1,1,2,1,1,1,1,1,0,1
mrk_snp_110,2,1,1,1,NA,1,1,NA,1,1,1,1,1,1,NA,1,1,1,1,2,2,1,1,1,1,1,1,1,NA,1
mrk_snp_111,NA,1,1,NA,NA,2,1,NA,1,1,1,1,1,1,1,1,1,1,1,1,NA,1,1,1,1,1,2,1,1,1
mrk_snp_112,0,1,1,1,0,0,1,NA,1,1,1,0,1,1,NA,1,1,1,1,1,1,1,1,1,1,1,1,1,NA,1
mrk_snp_113,1,1,1,1,1,1,1,1,1,1,1,0,1,1,1,1,1,1,1,1,NA,1,1,1,1,1,1,1,1,1
mrk_snp_114,1,NA,0,1,NA,0,NA,NA,1,1,1,1,1,1,NA,1,NA,1,1,1,1,1,1,1,1,1,NA,1,NA,0
mrk_snp_115,NA,1,1,1,NA,2,1,NA,NA,1,1,2,1,1,NA,NA,1,NA,1,1,1,1,1,1,1,1,1,1,2,1
mrk_snp_116,1,1,1,0,2,2,1,1,1,1,1,1,1,1,0,1,NA,NA,1,1,0,0,1,1,1,1,NA,1,NA,1
mrk_snp_117,0,0,0,0,NA,0,2,NA,0,0,0,0,0,0,NA,0,2,2,2,2,2,2,2,2,2,2,2,2,2,2
mrk_snp_118,2,1,1,NA,NA,2,2,1,1,1,2,2,1,1,1,2,NA,1,1,1,1,1,1,1,1,1,1,1,1,1
mrk_snp_119,1,1,1,1,NA,0,1,NA,1,1,1,0,1,1,1,1,1,1,1,1,1,1,1,1,1,1,NA,1,1,1
mrk_snp_120,2,0,0,0,NA,0,0,NA,0,0,2,2,0,0,0,2,0,0,2,2,NA,2,2,2,2,2,0,0,0,0
mrk_snp_121,2,0,0,0,NA,0,0,NA,0,0,2,2,0,0,NA,2,0,0,2,2,2,2,2,2,2,2,0,0,0,0
mrk_snp_122,0,2,2,2,NA,NA,0,0,2,2,0,0,2,2,2,0,2,2,0,0,0,0,0,0,0,0,0,0,0,0
mrk_snp_123,2,0,0,0,2,0,0,2,0,0,2,2,0,0,0,2,0,0,2,2,2,2,2,2,2,2,0,0,0,0
mrk_snp_124,1,1,1,2,2,NA,2,1,1,1,1,1,1,NA,NA,1,1,0,NA,1,1,1,1,1,1,NA,1,1,NA,2
mrk_snp_125,NA,1,NA,1,1,1,1,1,2,1,1,1,1,1,1,1,NA,1,1,1,1,1,1,1,1,1,1,1,1,1
mrk_snp_126,1,1,1,1,NA,0,1,NA,1,1,1,1,1,1,1,NA,1,1,1,1,1,NA,1,1,1,NA,1,NA,1,0
mrk_snp_127,1,1,0,1,0,0,1,NA,1,1,1,1,1,2,1,1,1,1,1,1,1,1,NA,1,1,1,1,1,1,1
mrk_snp_128,0,0,NA,0,0,NA,0,NA,2,2,0,0,0,0,0,0,2,2,2,0,NA,2,0,2,0,2,NA,2,2,NA
mrk_snp_129,0,2,2,2,0,0,0,0,0,2,0,0,2,2,2,0,0,0,2,0,2,2,2,2,2,2,2,2,2,NA
mrk_snp_130,0,0,0,0,0,0,0,NA,2,2,0,0,0,0,0,0,2,2,0,2,2,0,0,0,0,2,0,0,2,2
mrk_snp_131,1,1,1,1,1,2,2,1,1,1,1,2,1,1,2,1,2,1,1,1,1,1,1,1,1,1,1,1,1,1
mrk_snp_132,0,0,0,0,0,2,2,NA,0,0,2,2,0,2,NA,2,2,2,1,2,0,0,2,0,2,2,2,0,0,0
mrk_snp_133,1,1,1,2,2,2,1,1,2,1,1,1,1,1,1,1,1,2,1,1,1,1,1,1,NA,1,1,1,1,NA
mrk_snp_134,1,1,1,1,1,1,NA,1,1,2,1,2,1,1,1,1,1,1,1,1,2,1,1,NA,1,1,1,1,1,1
mrk_snp_135,1,1,1,1,NA,1,1,NA,1,1,1,1,NA,1,1,1,1,1,1,1,1,1,1,1,1,1,1,1,1,1
mrk_snp_136,1,1,1,1,1,2,2,NA,1,1,1,1,2,1,1,NA,1,2,1,1,1,2,1,1,1,NA,2,2,1,1
mrk_snp_137,1,1,1,1,2,NA,1,1,1,1,1,1,1,1,0,1,NA,1,1,1,NA,1,1,1,1,1,NA,1,1,NA
mrk_snp_138,0,1,1,2,NA,1,1,1,1,1,1,1,1,1,1,1,1,1,1,1,1,1,1,1,1,1,1,1,1,1
mrk_snp_139,1,1,2,1,NA,2,1,NA,1,1,1,0,1,1,NA,1,2,1,1,1,2,1,NA,2,1,NA,1,2,NA,2
mrk_snp_140,1,1,2,0,NA,2,1,NA,1,1,1,1,1,1,2,1,1,1,1,1,NA,1,1,1,1,1,0,1,NA,1
mrk_snp_141,1,1,1,0,2,1,1,2,1,1,1,NA,1,1,1,1,1,1,1,1,1,1,1,1,1,1,1,1,1,1
mrk_snp_142,1,1,2,2,0,2,1,1,1,1,1,1,1,1,2,1,1,1,NA,1,1,1,1,1,1,1,1,1,1,1
mrk_snp_143,1,1,1,1,1,1,1,NA,1,1,1,1,1,1,1,1,1,1,1,1,1,1,1,1,1,1,1,1,1,1
mrk_snp_144,1,1,1,2,NA,NA,1,NA,NA,1,1,1,1,1,NA,1,NA,1,1,1,1,1,1,1,1,2,1,1,1,1
mrk_snp_145,0,1,2,0,0,0,0,2,2,2,2,2,0,2,NA,NA,2,2,2,2,0,2,2,2,0,0,0,0,NA,0
mrk_snp_146,1,1,0,1,NA,2,1,1,1,1,1,1,NA,1,NA,1,NA,1,1,1,1,1,1,1,1,1,NA,NA,NA,1
mrk_snp_147,1,1,0,1,2,NA,1,NA,1,NA,1,1,1,1,2,1,2,1,1,1,0,1,1,1,1,1,1,1,1,1
mrk_snp_148,1,1,1,1,1,0,1,1,1,1,1,1,1,1,2,1,1,1,1,1,1,2,1,1,1,1,1,1,1,1
mrk_snp_149,1,1,1,1,NA,2,1,1,1,1,1,1,1,NA,1,1,1,NA,1,1,1,1,1,1,1,2,NA,1,1,2
mrk_snp_150,1,1,0,1,NA,1,0,NA,1,1,1,1,1,1,0,2,1,0,1,1,2,1,1,1,1,1,1,1,NA,1
mrk_snp_151,2,2,2,2,NA,2,2,NA,2,2,2,2,0,0,0,2,0,0,0,0,NA,0,0,NA,2,2,0,2,NA,2
mrk_snp_152,1,1,0,1,NA,NA,1,1,1,1,1,1,1,1,1,1,1,1,1,1,NA,1,1,1,1,2,1,1,NA,1
mrk_snp_153,0,2,2,2,0,0,0,2,0,0,2,0,0,2,2,2,2,2,2,2,2,2,2,2,0,0,2,0,0,0
mrk_snp_154,2,0,0,0,NA,0,0,2,0,0,2,2,0,2,2,2,NA,2,2,2,2,2,2,2,2,0,2,0,0,0
mrk_snp_155,2,1,2,2,NA,2,0,NA,2,2,0,0,2,2,0,0,0,0,0,0,NA,0,0,0,2,2,2,0,0,0
mrk_snp_156,1,1,1,0,0,0,1,1,1,1,1,0,1,1,2,NA,1,0,1,1,0,1,1,1,1,1,1,1,1,1
mrk_snp_157,0,0,0,0,0,0,0,NA,0,0,2,2,0,1,NA,2,NA,2,2,2,2,2,2,2,0,0,0,2,2,2
mrk_snp_158,0,1,1,1,0,0,NA,NA,1,1,1,1,1,1,1,1,1,1,1,1,0,1,1,1,1,1,1,1,1,1
mrk_snp_159,2,2,2,2,NA,2,2,NA,2,2,0,0,0,2,2,0,2,2,0,0,2,0,2,NA,2,2,0,2,NA,0
mrk_snp_160,0,2,2,2,NA,0,0,NA,2,2,NA,2,0,0,0,2,0,0,1,0,0,2,0,2,2,2,0,2,0,0
mrk_snp_161,0,2,2,2,NA,NA,0,NA,2,2,0,0,0,0,0,0,NA,0,0,2,2,0,2,0,0,0,NA,0,0,0
mrk_snp_162,1,1,1,1,NA,2,1,1,1,1,1,1,1,1,2,1,1,1,1,1,2,1,2,1,1,1,1,1,2,1
mrk_snp_163,1,1,0,1,NA,0,1,NA,1,1,1,1,1,1,2,1,NA,1,1,1,1,1,1,1,1,2,1,1,1,1
mrk_snp_164,1,1,1,1,1,1,1,1,1,1,1,1,1,1,1,1,1,1,1,1,1,1,1,1,1,1,1,1,1,1
mrk_snp_165,2,0,0,0,2,0,0,2,2,0,2,2,2,2,2,2,2,2,2,0,NA,2,0,2,0,0,2,2,2,2
mrk_snp_166,2,1,NA,NA,NA,0,1,1,1,1,NA,1,1,2,2,1,1,0,1,1,1,1,1,1,0,1,1,1,1,1
mrk_snp_167,1,1,1,2,1,2,NA,2,1,2,1,1,NA,NA,1,1,NA,0,1,1,1,1,1,1,1,NA,1,1,1,2
mrk_snp_168,1,1,1,1,1,1,1,1,1,1,1,1,1,1,2,1,1,2,1,1,1,1,1,2,1,1,1,1,1,1
mrk_snp_169,0,1,1,1,NA,0,1,2,1,1,1,0,2,0,1,1,2,1,2,1,2,1,1,NA,1,NA,2,NA,1,NA
mrk_snp_170,NA,2,2,2,NA,0,0,2,0,2,0,0,2,0,0,0,NA,0,0,0,0,0,0,0,2,NA,0,2,NA,0
mrk_snp_171,1,1,1,1,NA,NA,1,NA,1,1,1,1,1,1,0,1,1,NA,1,1,1,1,1,1,1,1,1,1,NA,2
mrk_snp_172,0,2,2,NA,NA,2,2,2,0,2,2,2,0,0,0,2,0,0,2,0,0,2,0,2,NA,2,0,0,2,NA
mrk_snp_173,2,1,1,0,NA,1,1,1,1,1,1,1,1,1,0,1,NA,1,1,1,1,1,1,1,1,0,1,1,1,1
mrk_snp_174,1,1,1,1,0,1,1,NA,1,1,1,1,1,1,2,1,1,1,1,1,2,1,1,1,1,2,1,1,1,1
mrk_snp_175,1,1,0,NA,2,NA,1,NA,1,1,1,1,0,2,2,1,1,1,1,1,1,NA,1,1,1,1,1,1,1,1
mrk_snp_176,NA,0,NA,1,NA,1,0,NA,1,1,1,0,1,1,1,1,1,1,1,1,0,1,NA,0,1,1,1,1,0,0
mrk_snp_177,1,1,1,2,2,2,1,NA,1,1,1,1,1,1,2,2,NA,1,1,1,2,1,1,1,2,1,1,1,1,1
mrk_snp_178,0,0,0,0,0,NA,0,NA,2,0,NA,0,0,NA,2,0,2,0,2,2,0,2,0,2,0,0,0,0,2,2
mrk_snp_179,2,1,1,2,NA,2,2,1,1,1,1,1,1,1,2,1,1,1,1,1,1,1,1,1,1,1,1,1,1,0
mrk_snp_180,1,1,1,1,1,0,1,NA,0,0,1,1,0,1,1,1,1,1,1,1,1,1,1,1,1,1,0,1,1,1
mrk_snp_181,1,1,2,1,NA,NA,1,1,1,1,1,1,1,0,NA,1,1,1,1,1,0,1,0,1,1,1,1,1,0,1
mrk_snp_182,0,2,1,NA,NA,NA,1,1,1,1,1,1,1,1,0,1,1,1,1,1,2,1,1,1,1,1,1,2,1,1
mrk_snp_183,0,1,1,1,NA,1,1,NA,1,1,1,1,1,1,NA,1,1,1,1,1,1,1,1,1,1,1,1,1,1,1
mrk_snp_184,NA,1,1,2,NA,1,1,NA,1,1,1,1,1,1,1,1,NA,1,1,1,1,1,1,1,1,1,1,1,1,1
mrk_snp_185,1,1,1,1,NA,0,1,0,NA,1,0,1,1,1,1,1,1,1,1,1,NA,1,1,NA,1,1,0,0,0,0
mrk_snp_186,0,2,2,2,NA,0,0,NA,0,0,0,0,2,0,0,0,NA,2,2,2,1,2,2,2,NA,2,2,2,NA,2
mrk_snp_187,1,1,1,2,0,1,1,1,1,1,1,0,1,1,NA,1,1,1,NA,1,2,1,1,1,1,1,1,1,1,1
mrk_snp_188,NA,1,NA,0,NA,1,1,NA,1,0,NA,1,1,NA,1,1,NA,1,1,1,2,1,1,1,1,1,NA,1,1,1
mrk_snp_189,0,1,2,2,0,0,2,2,1,1,NA,2,1,1,NA,1,1,2,1,1,1,1,1,1,1,1,1,1,2,1
mrk_snp_190,0,1,1,NA,NA,0,1,NA,1,1,2,1,1,1,1,NA,1,1,1,1,1,1,1,1,NA,1,1,1,2,1
mrk_snp_191,1,1,1,2,NA,1,1,1,1,NA,1,1,1,1,2,1,1,1,1,1,2,1,1,1,1,1,1,1,1,2
mrk_snp_192,0,1,1,1,NA,2,1,NA,1,1,1,1,1,1,NA,1,1,1,1,1,1,1,1,1,1,0,1,1,2,1
mrk_snp_193,1,1,1,1,0,NA,1,NA,1,1,1,1,1,1,1,1,1,1,1,1,1,1,1,1,1,1,1,1,1,1
mrk_snp_194,NA,1,1,1,NA,1,2,1,1,1,NA,1,1,1,2,NA,1,1,NA,1,1,1,1,1,1,1,1,1,1,1
mrk_snp_195,1,1,NA,1,NA,1,1,NA,0,0,1,1,1,1,0,1,1,1,1,1,1,1,1,1,1,1,1,1,1,1
mrk_snp_196,1,1,1,1,0,0,1,NA,NA,1,1,0,1,1,1,1,1,1,1,1,1,1,1,1,1,1,1,1,NA,1
mrk_snp_197,1,1,2,1,NA,NA,1,NA,1,1,1,1,1,NA,2,1,1,1,1,1,2,1,1,1,NA,1,1,2,1,1
mrk_snp_198,2,2,NA,2,NA,2,NA,0,0,NA,0,NA,2,2,2,0,0,0,0,0,0,0,NA,0,2,2,2,NA,0,0
mrk_snp_199,2,2,2,NA,2,2,2,NA,0,0,NA,0,NA,2,2,0,NA,0,0,0,NA,0,0,0,2,2,2,2,2,0
mrk_snp_200,1,1,0,0,NA,0,1,NA,1,1,1,NA,1,1,0,1,1,NA,1,1,1,1,1,1,NA,1,1,1,1,1
mrk_snp_201,2,0,0,NA,2,0,0,2,2,2,2,2,2,0,0,2,2,2,2,0,2,2,0,2,0,0,0,0,0,2
mrk_snp_202,2,1,1,1,NA,0,1,NA,1,1,1,1,1,1,1,1,1,1,1,1,1,1,1,1,1,1,1,1,1,1
mrk_snp_203,1,1,1,1,1,NA,1,NA,1,NA,1,1,1,1,NA,1,1,1,1,1,1,1,1,1,1,1,1,1,1,1
mrk_snp_204,1,2,1,1,NA,1,1,NA,1,1,1,1,1,1,2,1,1,1,1,1,2,1,1,1,1,1,1,NA,1,1
mrk_snp_205,1,1,NA,1,0,NA,1,1,1,1,2,NA,1,0,2,1,1,2,1,NA,1,NA,NA,2,2,1,NA,2,1,2
mrk_snp_206,1,1,1,2,0,1,1,NA,1,1,1,1,1,1,NA,1,1,1,1,1,1,1,1,1,1,1,NA,NA,1,1
mrk_snp_207,0,0,0,0,NA,0,0,NA,0,0,0,0,0,0,0,0,2,2,2,2,2,2,2,2,2,2,0,0,0,2
mrk_snp_208,NA,1,2,1,NA,1,1,NA,1,1,1,1,1,1,1,1,1,1,1,1,1,1,1,1,1,1,1,1,1,1
mrk_snp_209,1,1,1,1,2,1,1,NA,1,1,1,1,1,1,2,2,1,1,1,1,1,1,1,1,2,1,1,1,1,1
mrk_snp_210,1,1,1,1,NA,NA,1,2,1,1,1,1,1,1,2,1,1,1,1,2,NA,2,1,NA,1,1,2,1,NA,2
mrk_snp_211,1,1,1,2,NA,NA,1,NA,1,1,1,1,1,1,1,1,1,1,1,1,NA,1,1,1,1,2,1,1,1,1
mrk_snp_212,0,0,0,2,1,1,1,0,1,1,1,1,1,1,1,1,1,1,1,1,1,1,1,1,1,1,1,1,1,1
mrk_snp_213,1,1,2,2,NA,1,1,1,1,1,1,1,1,1,2,1,1,1,1,1,1,1,1,1,1,1,1,1,1,1
mrk_snp_214,0,0,0,0,NA,0,0,NA,0,0,2,2,2,0,0,2,NA,2,2,2,0,2,2,2,2,2,2,1,2,2
mrk_snp_215,2,2,2,2,2,NA,2,NA,2,NA,0,0,0,0,NA,0,0,0,0,0,2,0,0,0,0,0,0,1,0,0
mrk_snp_216,2,2,2,2,2,2,2,NA,2,2,0,0,0,0,0,0,0,0,0,0,2,0,0,0,0,0,0,1,0,0
mrk_snp_217,1,1,NA,1,NA,2,1,NA,1,1,1,1,1,1,1,1,1,1,1,1,1,1,1,1,1,1,1,1,1,1
mrk_snp_218,1,1,1,1,2,1,1,NA,1,1,1,1,1,1,1,1,1,1,1,1,0,1,1,1,1,1,1,1,1,1
mrk_snp_219,1,1,1,2,2,NA,1,1,1,1,1,1,1,1,0,1,1,1,1,1,1,NA,1,0,1,1,1,1,1,1
mrk_snp_220,1,1,1,1,2,1,1,NA,1,1,1,1,1,1,1,1,1,2,1,1,1,1,NA,NA,NA,1,1,1,1,1
mrk_snp_221,0,0,0,0,NA,0,0,0,0,0,2,NA,2,2,2,2,0,0,0,0,NA,1,0,0,2,2,0,2,2,2
mrk_snp_222,0,0,0,0,NA,NA,2,0,0,0,2,0,2,2,NA,2,0,0,0,0,2,1,0,0,2,2,NA,2,2,2
mrk_snp_223,2,1,NA,1,2,1,NA,NA,1,1,1,2,1,2,1,1,1,1,1,1,1,2,NA,1,NA,2,2,2,1,2
mrk_snp_224,1,1,0,1,NA,1,1,1,1,1,1,1,1,1,0,1,1,1,1,1,NA,1,1,1,1,1,1,1,NA,1
mrk_snp_225,1,1,2,1,1,1,0,NA,1,1,1,1,1,0,NA,1,1,1,1,1,1,1,1,1,1,1,1,1,1,1
mrk_snp_226,2,0,0,0,NA,2,2,NA,0,0,2,2,0,0,NA,NA,0,0,0,0,0,0,NA,0,2,2,2,2,NA,0
mrk_snp_227,2,1,0,0,2,2,2,2,0,0,0,0,2,2,2,0,0,0,0,2,2,0,2,0,2,2,2,1,0,0
mrk_snp_228,0,0,0,0,0,2,2,NA,2,2,2,2,0,2,2,2,0,0,2,0,0,2,0,2,2,2,NA,1,NA,2
mrk_snp_229,0,2,2,2,NA,2,2,2,2,2,0,0,0,0,NA,0,NA,0,2,0,0,2,0,2,2,1,2,2,2,2
mrk_snp_230,2,0,0,0,NA,0,0,NA,0,0,2,NA,2,2,2,2,2,2,0,2,NA,0,2,0,0,0,0,2,0,0
mrk_snp_231,1,1,1,1,1,1,1,1,1,1,1,1,1,1,1,1,1,1,1,1,1,1,1,1,1,1,1,1,1,1
mrk_snp_232,2,2,2,2,NA,0,0,0,0,0,2,2,2,2,2,2,0,0,0,2,0,0,2,0,0,2,0,0,0,0
mrk_snp_233,1,1,0,1,NA,1,1,NA,1,1,2,1,1,1,2,1,1,1,1,NA,1,1,1,1,2,1,2,1,1,1
mrk_snp_234,2,0,0,0,NA,0,0,0,0,0,2,2,2,2,2,2,2,2,0,2,2,0,2,0,0,1,0,0,0,0
mrk_snp_235,1,1,2,2,NA,2,1,2,1,1,1,1,1,1,1,2,1,2,1,2,0,NA,1,2,1,1,1,1,1,1
mrk_snp_236,2,0,0,0,NA,2,2,NA,0,0,2,NA,2,2,2,2,2,2,0,NA,2,0,2,0,2,2,NA,2,0,NA
mrk_snp_237,2,NA,2,2,NA,0,0,NA,0,2,NA,0,2,0,0,0,0,0,2,0,0,2,0,2,0,0,0,0,2,2
mrk_snp_238,2,2,2,2,NA,0,0,NA,2,2,0,0,2,2,2,0,2,2,2,0,NA,2,0,2,0,0,0,0,2,2
mrk_snp_239,0,0,1,1,0,1,1,1,2,1,1,1,1,1,NA,1,1,1,1,NA,0,1,NA,1,1,1,1,1,1,1
mrk_snp_240,1,1,1,1,1,NA,NA,NA,1,1,1,1,NA,1,NA,1,1,1,1,1,1,1,1,1,1,1,1,1,1,1
mrk_snp_241,1,1,NA,2,NA,0,NA,NA,1,1,1,1,0,1,NA,1,1,1,1,1,2,1,1,1,1,1,1,1,1,0
mrk_snp_242,1,1,1,1,NA,NA,1,NA,1,1,1,2,1,1,1,1,1,1,1,1,1,1,1,1,1,1,1,1,1,1
mrk_snp_243,1,1,1,1,2,1,1,1,1,2,2,1,1,1,2,1,2,1,1,1,0,1,1,1,1,1,1,1,2,NA
mrk_snp_244,1,1,1,1,1,NA,2,1,1,1,1,1,1,1,1,1,1,1,1,1,2,1,1,1,1,1,1,1,1,1
mrk_snp_245,2,0,0,0,2,2,NA,2,2,2,0,0,0,2,2,0,0,0,0,0,2,0,0,0,2,0,2,2,0,NA
mrk_snp_246,1,1,NA,2,NA,NA,1,NA,1,1,1,1,1,1,1,NA,2,0,1,1,2,1,NA,1,1,1,1,1,NA,NA
mrk_snp_247,2,0,0,0,NA,2,2,0,0,0,2,2,0,0,0,2,2,2,2,2,0,2,2,2,2,2,0,2,2,2
mrk_snp_248,1,1,2,2,0,2,0,NA,1,1,1,2,1,1,1,1,1,1,1,1,1,1,1,1,1,1,2,1,NA,1
mrk_snp_249,2,1,0,0,NA,NA,2,NA,1,0,1,1,1,0,1,1,1,1,NA,1,2,1,1,1,1,1,1,1,1,1
mrk_snp_250,1,1,1,2,0,0,1,1,1,1,1,1,1,1,1,1,1,1,1,1,1,1,1,1,1,NA,1,1,NA,NA
mrk_snp_251,1,1,2,2,NA,2,1,NA,1,1,1,1,1,1,1,1,1,1,1,1,1,1,1,1,1,1,1,1,1,1
mrk_snp_252,1,1,1,0,0,2,1,NA,1,1,1,0,1,1,1,1,1,1,1,1,NA,1,1,1,1,1,0,1,1,1
mrk_snp_253,2,1,1,2,NA,1,1,NA,1,1,1,1,1,2,NA,1,1,1,1,1,1,1,1,1,1,1,1,1,NA,1
mrk_snp_254,1,1,1,0,0,2,1,NA,1,1,1,1,1,1,0,1,1,1,1,1,2,1,1,1,1,1,1,1,1,1
mrk_snp_255,NA,1,1,1,NA,NA,1,1,1,1,1,NA,1,1,1,1,1,1,1,1,NA,1,1,1,1,1,1,1,1,NA
mrk_snp_256,1,1,1,1,NA,0,1,1,1,1,1,1,1,1,0,1,0,1,1,1,1,1,1,1,0,1,1,1,1,1
mrk_snp_257,1,1,1,1,1,2,1,NA,1,1,1,1,1,1,2,1,1,1,1,1,1,1,1,1,1,1,NA,1,1,0
mrk_snp_258,1,1,2,1,NA,2,1,NA,1,1,2,NA,1,NA,2,1,NA,1,2,1,NA,1,1,1,1,1,1,1,1,2
mrk_snp_259,1,0,0,1,0,2,NA,2,2,2,0,0,0,2,2,0,NA,0,2,0,0,1,0,2,0,2,0,2,2,2
mrk_snp_260,2,2,2,2,2,NA,0,NA,2,0,2,2,0,0,NA,2,0,0,2,0,0,2,0,2,NA,0,0,0,0,NA
mrk_snp_261,0,0,0,0,NA,2,2,2,2,2,NA,NA,2,0,0,NA,0,0,0,0,NA,0,0,0,0,2,0,2,2,2
mrk_snp_262,1,1,1,1,NA,NA,1,NA,NA,1,1,1,1,1,0,1,1,1,1,1,1,1,1,1,1,1,1,1,1,0
mrk_snp_263,0,2,2,2,0,0,0,0,2,2,0,0,2,2,2,0,2,2,2,2,NA,2,2,2,0,0,0,2,2,2
mrk_snp_264,2,2,2,2,NA,2,2,0,0,0,2,2,0,NA,NA,2,0,0,0,NA,NA,NA,NA,NA,2,2,0,0,0,0
mrk_snp_265,1,1,1,1,1,NA,1,1,1,NA,1,2,1,1,NA,1,1,1,1,1,1,1,1,1,1,1,1,1,1,NA
